username,stressLevel,totalInputTime,timePerKeystroke,adjustedTimePerKeystroke,averagePauseLength,pauseRate,backspaceKeyRate,deleteKeyRate,endKeyRate,arrowKeyRate,homeKeyRate,sentenceEndingPunctuationKeyRate,punctuationKeyRate,tabKeyRate,capslockKeyRate,controlKeyRate,insertKeyRate,enterKeyRate,shiftKeyRate,spaceKeyRate,otherKeyRate,lexicalDiversity,averageWordLength,averageSentenceLength,nounRate,verbRate,conjunctionRate,adjectiveRate,adverbRate,modifierRate,emotiveWordRate,positiveWordRate,negativeWordRate
tanmaykapoor,0,254427,236.01762523191096,195.2300556586271,1691.1153846153845,0.02411873840445269,0.07421150278293136,0,0.0009276437847866419,0.0037105751391465678,0,0.0074211502782931356,0.013914656771799629,0,0,0,0,0.0037105751391465678,0.03153988868274583,0.1725417439703154,0.6985157699443414,0.6172839506172839,6.654320987654321,18,0.29012345679012347,0.18518518518518517,0.030864197530864196,0.043209876543209874,0.05555555555555555,0.09876543209876543,0.2077922077922078,0.04938271604938271,0.006172839506172839
tanmaykapoor,0,191925,242.02395964691047,201.72383354350566,2282.714285714286,0.017654476670870115,0.09709962168978563,0,0.0012610340479192938,0.018915510718789406,0,0.005044136191677175,0.008827238335435058,0,0,0,0,0.005044136191677175,0.02648171500630517,0.1626733921815889,0.6796973518284993,0.6788990825688074,7.275229357798165,21.8,0.3119266055045872,0.1743119266055046,0.027522935779816515,0.027522935779816515,0.07339449541284404,0.10091743119266056,0.20754716981132076,0.03669724770642202,0.01834862385321101
tanmaykapoor,0,249473,232.9346405228758,201.05042016806723,1707.4,0.018674136321195144,0.047619047619047616,0,0.0018674136321195146,0.01027077497665733,0,0.007469654528478058,0.013071895424836602,0,0,0,0,0.003734827264239029,0.026143790849673203,0.17180205415499533,0.7254901960784313,0.6875,6.0852272727272725,19.555555555555557,0.32386363636363635,0.14204545454545456,0.056818181818181816,0.05113636363636364,0.06818181818181818,0.11931818181818182,0.25609756097560976,0.05113636363636364,0.017045454545454544
tanmaykapoor,2,162013,329.9653767820774,273.4175152749491,1388.25,0.04073319755600815,0.12016293279022404,0,0,0,0.002036659877800407,0.024439918533604887,0.024439918533604887,0,0.008146639511201629,0.004073319755600814,0,0.014256619144602852,0.09572301425661914,0.15274949083503056,0.5723014256619144,1,28.88235294117647,5.666666666666667,0.35294117647058826,0.17647058823529413,0,0,0.11764705882352941,0.11764705882352941,0.2222222222222222,0.058823529411764705,0.058823529411764705
tanmaykapoor,0,132885,242.04918032786884,197.84517304189436,2426.8,0.018214936247723135,0.08014571948998178,0,0,0,0,0.009107468123861567,0.012750455373406194,0,0,0,0,0.0036429872495446266,0.025500910746812388,0.16029143897996356,0.7176684881602914,0.788235294117647,6.458823529411765,12.142857142857142,0.3176470588235294,0.2,0.023529411764705882,0.07058823529411765,0.03529411764705882,0.10588235294117647,0.20454545454545456,0.047058823529411764,0.011764705882352941
tanmaykapoor,1,94324,226.19664268585132,197.48441247002398,1995.5,0.014388489208633094,0.05755395683453238,0,0,0,0,0.011990407673860911,0.016786570743405275,0,0,0,0,0,0.016786570743405275,0.1630695443645084,0.7458033573141487,0.855072463768116,6.043478260869565,11.5,0.2898550724637681,0.21739130434782608,0.028985507246376812,0.07246376811594203,0.07246376811594203,0.14492753623188406,0.2857142857142857,0.028985507246376812,0.057971014492753624
tanmaykapoor,1,153267,212.87083333333334,189.53472222222223,1527.4545454545455,0.015277777777777777,0.06111111111111111,0,0.001388888888888889,0.004166666666666667,0.002777777777777778,0.009722222222222222,0.015277777777777777,0,0,0,0,0.006944444444444444,0.041666666666666664,0.1597222222222222,0.7069444444444445,0.7476635514018691,6.728971962616822,11.88888888888889,0.2616822429906542,0.17757009345794392,0.018691588785046728,0.07476635514018691,0.12149532710280374,0.19626168224299065,0.44680851063829785,0.07476635514018691,0.037383177570093455
tanmaykapoor,0,99072,215.37391304347827,195.31304347826088,1538,0.013043478260869565,0.058695652173913045,0,0,0,0,0.008695652173913044,0.013043478260869565,0,0,0,0,0.004347826086956522,0.02391304347826087,0.18043478260869567,0.717391304347826,0.7974683544303798,5.822784810126582,15.8,0.2911392405063291,0.17721518987341772,0.02531645569620253,0.06329113924050633,0.08860759493670886,0.1518987341772152,0.32432432432432434,0.0379746835443038,0.0379746835443038
tanmaykapoor,1,116127,204.44894366197184,186.2200704225352,1479.142857142857,0.01232394366197183,0.08450704225352113,0,0,0,0,0.00528169014084507,0.01056338028169014,0,0,0,0,0,0.017605633802816902,0.1637323943661972,0.7235915492957746,0.8433734939759037,6.843373493975903,20.75,0.25301204819277107,0.18072289156626506,0.024096385542168676,0.0963855421686747,0.08433734939759036,0.18072289156626506,0.4166666666666667,0.04819277108433735,0.07228915662650602
tanmaykapoor,0,148739,234.97472353870458,201.29857819905214,1522.642857142857,0.022116903633491312,0.04265402843601896,0,0.00315955766192733,0.020537124802527645,0,0.00631911532385466,0.009478672985781991,0,0,0.001579778830963665,0,0.00315955766192733,0.0315955766192733,0.1769352290679305,0.7109004739336493,0.6126126126126126,5.702702702702703,22.2,0.23423423423423423,0.22522522522522523,0.04504504504504504,0.05405405405405406,0.10810810810810811,0.16216216216216217,0.35294117647058826,0.08108108108108109,0.018018018018018018
tanmaykapoor,1,109230,241.12582781456953,215.58057395143487,1446.5,0.017660044150110375,0.0772626931567329,0,0.002207505518763797,0.006622516556291391,0,0.006622516556291391,0.017660044150110375,0,0,0,0,0.004415011037527594,0.017660044150110375,0.16114790286975716,0.7108167770419426,0.7794117647058824,6.661764705882353,13.6,0.23529411764705882,0.19117647058823528,0.04411764705882353,0.10294117647058823,0.07352941176470588,0.1764705882352941,0.41379310344827586,0.058823529411764705,0.04411764705882353
tanmaykapoor,0,168399,233.5631067961165,192.16366158113732,1755.8235294117646,0.023578363384188627,0.08044382801664356,0,0,0.013869625520110958,0,0.006934812760055479,0.012482662968099861,0,0,0,0,0.005547850208044383,0.024965325936199722,0.1650485436893204,0.6976421636615812,0.6454545454545455,6.554545454545455,22,0.3181818181818182,0.1,0.045454545454545456,0.05454545454545454,0.11818181818181818,0.17272727272727273,0.41304347826086957,0.05454545454545454,0.02727272727272727
tanmaykapoor,1,153659,241.22291993720566,199.26216640502355,1909.2142857142858,0.02197802197802198,0.11145996860282574,0,0,0,0,0.006279434850863423,0.006279434850863423,0,0,0,0,0.004709576138147566,0.029827315541601257,0.16483516483516483,0.6828885400313972,0.7368421052631579,6.705263157894737,19,0.3157894736842105,0.17894736842105263,0.042105263157894736,0.042105263157894736,0.09473684210526316,0.1368421052631579,0.2765957446808511,0.07368421052631578,0.05263157894736842
tanmaykapoor,0,222477,243.9440789473684,199.7642543859649,1751.8260869565217,0.025219298245614034,0.06907894736842106,0,0.0043859649122807015,0.007675438596491228,0,0.006578947368421052,0.01425438596491228,0,0,0,0,0.0021929824561403508,0.041666666666666664,0.14692982456140352,0.7116228070175439,0.72,7.296,15.625,0.32,0.168,0.04,0.08,0.056,0.136,0.2786885245901639,0.04,0.04
tanmaykapoor,1,146366,196.99327052489906,170.72274562584118,1626.5833333333333,0.016150740242261104,0.04441453566621804,0,0.0013458950201884253,0.0026917900403768506,0,0.008075370121130552,0.012113055181695828,0,0,0,0,0.0026917900403768506,0.02288021534320323,0.17362045760430686,0.7402422611036339,0.6587301587301587,5.896825396825397,18,0.3492063492063492,0.16666666666666666,0.047619047619047616,0.023809523809523808,0.07936507936507936,0.10317460317460317,0.2,0.023809523809523808,0.047619047619047616
abhi,0,100554,339.7094594594595,256.93918918918916,1633.3333333333333,0.05067567567567568,0.08108108108108109,0,0,0,0,0.010135135135135136,0.016891891891891893,0,0.006756756756756757,0,0,0,0,0.17567567567567569,0.7195945945945946,0.8571428571428571,6.040816326530612,16.333333333333332,0.2653061224489796,0.20408163265306123,0.02040816326530612,0.08163265306122448,0.08163265306122448,0.16326530612244897,0.34782608695652173,0,0
tanmaykapoor,3,170521,376.4260485651214,254.29580573951435,2405.4347826086955,0.05077262693156733,0.1456953642384106,0,0,0,0,0.011037527593818985,0.02869757174392936,0,0,0,0,0.006622516556291391,0.04856512141280353,0.1434878587196468,0.6225165562913907,0.75,8.711538461538462,10.4,0.34615384615384615,0.25,0.019230769230769232,0.09615384615384616,0.09615384615384616,0.19230769230769232,0.3225806451612903,0.09615384615384616,0.019230769230769232
tanmaykapoor,2,174710,274.7012578616352,222.61320754716982,1577.5238095238096,0.0330188679245283,0.0660377358490566,0,0,0,0,0.012578616352201259,0.01729559748427673,0,0,0,0,0.006289308176100629,0.0330188679245283,0.15880503144654087,0.7138364779874213,0.72,6.36,14.285714285714286,0.3,0.17,0.04,0.09,0.12,0.21,0.44680851063829785,0.05,0.03
tanmaykapoor,0,183247,231.37247474747474,205.4179292929293,1468.2857142857142,0.017676767676767676,0.07323232323232323,0,0.0012626262626262627,0.013888888888888888,0,0.007575757575757576,0.017676767676767676,0,0,0,0,0.0025252525252525255,0.03409090909090909,0.1691919191919192,0.6856060606060606,0.7459016393442623,6.491803278688525,15.25,0.29508196721311475,0.20491803278688525,0.05737704918032787,0.04918032786885246,0.09836065573770492,0.14754098360655737,0.29508196721311475,0.05737704918032787,0.040983606557377046
tanmaykapoor,1,130905,198.04084720121028,186.36308623298032,1286.5,0.009077155824508321,0.05597579425113464,0,0,0.0529500756429652,0.0015128593040847202,0.007564296520423601,0.01361573373676248,0,0,0,0,0,0.02118003025718608,0.16944024205748864,0.6838124054462935,0.7247706422018348,6.064220183486238,18.166666666666668,0.24770642201834864,0.22018348623853212,0.03669724770642202,0.05504587155963303,0.06422018348623854,0.11926605504587157,0.2549019607843137,0.03669724770642202,0.027522935779816515
tanmaykapoor,0,86344,216.40100250626566,185.33082706766916,1549.625,0.020050125313283207,0.07017543859649122,0,0,0,0,0.007518796992481203,0.007518796992481203,0,0,0,0,0,0.007518796992481203,0.15789473684210525,0.7543859649122807,0.8214285714285714,7.125,18.666666666666668,0.21428571428571427,0.19642857142857142,0.017857142857142856,0.125,0.10714285714285714,0.23214285714285715,0.5652173913043478,0.08928571428571429,0
tanmaykapoor,0,120452,212.81272084805653,187.4946996466431,1791.25,0.014134275618374558,0.054770318021201414,0,0,0.0088339222614841,0,0.01060070671378092,0.012367491166077738,0,0,0,0,0,0.0176678445229682,0.196113074204947,0.7102473498233216,0.6310679611650486,5.495145631067961,17.166666666666668,0.23300970873786409,0.23300970873786409,0.038834951456310676,0.019417475728155338,0.0970873786407767,0.11650485436893204,0.25,0.038834951456310676,0.019417475728155338
tanmaykapoor,3,221729,344.8351477449456,241.80715396578537,2649.88,0.038880248833592534,0.1290824261275272,0,0,0,0,0.03110419906687403,0.03421461897356143,0,0,0,0,0.003110419906687403,0.04665629860031104,0.15707620528771385,0.6298600311041991,0.7647058823529411,7.564705882352941,10.625,0.27058823529411763,0.2,0.07058823529411765,0.08235294117647059,0.11764705882352941,0.2,0.425,0.011764705882352941,0.08235294117647059
tanmaykapoor,3,250177,432.83217993079586,243.6159169550173,3771.2758620689656,0.050173010380622836,0.0847750865051903,0,0.006920415224913495,0.12802768166089964,0.0034602076124567475,0.025951557093425604,0.031141868512110725,0,0,0,0,0.010380622837370242,0.058823529411764705,0.1245674740484429,0.5519031141868512,0.8840579710144928,8.376811594202898,6.9,0.34782608695652173,0.21739130434782608,0.07246376811594203,0.10144927536231885,0.057971014492753624,0.15942028985507248,0.28205128205128205,0.043478260869565216,0.07246376811594203
tanmaykapoor,2,171681,283.3019801980198,227.05610561056105,2272.3333333333335,0.024752475247524754,0.0858085808580858,0,0.0033003300330033004,0.01485148514851485,0,0.013201320132013201,0.019801980198019802,0,0.0049504950495049506,0,0,0.00825082508250825,0.024752475247524754,0.16336633663366337,0.6749174917491749,0.8526315789473684,6.378947368421053,11.875,0.3368421052631579,0.14736842105263157,0.031578947368421054,0.05263157894736842,0.09473684210526316,0.1473684210526316,0.30434782608695654,0.042105263157894736,0.010526315789473684
tanmaykapoor,3,184127,328.79821428571427,246.12142857142857,1851.96,0.044642857142857144,0.08928571428571429,0,0.008928571428571428,0.10535714285714286,0.010714285714285714,0.005357142857142857,0.019642857142857142,0,0.0017857142857142857,0.0017857142857142857,0,0.02142857142857143,0.04285714285714286,0.13035714285714287,0.5642857142857143,0.734375,8.75,6.4,0.234375,0.140625,0.03125,0.09375,0.15625,0.25,0.6666666666666666,0.09375,0.046875
tanmaykapoor,0,128800,211.14754098360655,187.0295081967213,1471.2,0.01639344262295082,0.03770491803278689,0,0,0,0,0.009836065573770493,0.018032786885245903,0,0,0,0,0.006557377049180328,0.02622950819672131,0.17540983606557378,0.7360655737704918,0.7211538461538461,5.865384615384615,13,0.27884615384615385,0.23076923076923078,0.04807692307692308,0.04807692307692308,0.08653846153846154,0.1346153846153846,0.2641509433962264,0.009615384615384616,0.028846153846153848
tanmaykapoor,1,199514,211.1259259259259,193.93121693121694,1477.1818181818182,0.01164021164021164,0.08677248677248678,0,0.0021164021164021165,0.02433862433862434,0,0.008465608465608466,0.013756613756613757,0,0,0,0,0.004232804232804233,0.010582010582010581,0.16296296296296298,0.6952380952380952,0.7375886524822695,6.702127659574468,15.666666666666666,0.2978723404255319,0.15602836879432624,0.03546099290780142,0.07801418439716312,0.0425531914893617,0.12056737588652483,0.265625,0.028368794326241134,0.03546099290780142
tanmaykapoor,3,142654,358.42713567839195,313.8467336683417,1364.8461538461538,0.032663316582914576,0.1457286432160804,0,0.002512562814070352,0,0.002512562814070352,0.017587939698492462,0.020100502512562814,0.002512562814070352,0.010050251256281407,0.002512562814070352,0,0.007537688442211055,0.05778894472361809,0.13316582914572864,0.6055276381909548,0.8409090909090909,9.045454545454545,6.285714285714286,0.2727272727272727,0.3181818181818182,0,0.06818181818181818,0.11363636363636363,0.18181818181818182,0.3076923076923077,0.045454545454545456,0.13636363636363635
tanmaykapoor,2,133451,279.18619246861925,259.85146443514645,1540.3333333333333,0.012552301255230125,0.07740585774058577,0,0.008368200836820083,0.07322175732217573,0,0.02301255230125523,0.03138075313807531,0,0.0041841004184100415,0,0,0.014644351464435146,0.05230125523012552,0.13179916317991633,0.604602510460251,0.8636363636363636,7.242424242424242,5.5,0.3181818181818182,0.22727272727272727,0.015151515151515152,0.045454545454545456,0.07575757575757576,0.12121212121212122,0.2222222222222222,0.06060606060606061,0.06060606060606061
tanmaykapoor,0,110530,204.6851851851852,191.52407407407406,1421.4,0.009259259259259259,0.05555555555555555,0,0.001851851851851852,0.027777777777777776,0,0.007407407407407408,0.014814814814814815,0,0.003703703703703704,0,0,0.005555555555555556,0.027777777777777776,0.16111111111111112,0.7018518518518518,0.7466666666666667,7.2,15,0.29333333333333333,0.2,0.02666666666666667,0.08,0.12,0.2,0.40540540540540543,0.04,0.06666666666666667
tanmaykapoor,1,212949,223.45120671563484,197.79853095487934,1629.8,0.015739769150052464,0.08604407135362015,0,0.0031479538300104933,0.008394543546694649,0,0.007345225603357817,0.01049317943336831,0,0,0,0,0.002098635886673662,0.023084994753410283,0.16474291710388247,0.70199370409234,0.6370370370370371,7.059259259259259,22.5,0.22962962962962963,0.18518518518518517,0.05185185185185185,0.07407407407407407,0.13333333333333333,0.2074074074074074,0.5,0.0962962962962963,0.007407407407407408
tanmaykapoor,2,190481,260.21994535519127,235.43715846994536,1395.4615384615386,0.017759562841530054,0.12431693989071038,0,0,0,0,0.009562841530054645,0.017759562841530054,0,0.00273224043715847,0,0,0.00273224043715847,0.03278688524590164,0.1721311475409836,0.644808743169399,0.6788990825688074,6.715596330275229,15.571428571428571,0.29357798165137616,0.25688073394495414,0.027522935779816515,0.03669724770642202,0.08256880733944955,0.11926605504587157,0.21666666666666667,0.03669724770642202,0.09174311926605505
tanmaykapoor,3,194611,295.7613981762918,264.8890577507599,1692.8333333333333,0.0182370820668693,0.15501519756838905,0,0,0,0,0.0182370820668693,0.0243161094224924,0,0.001519756838905775,0.001519756838905775,0,0.0060790273556231,0.04559270516717325,0.1413373860182371,0.6170212765957447,0.8089887640449438,7.393258426966292,8.9,0.2808988764044944,0.2247191011235955,0.0449438202247191,0.033707865168539325,0.0898876404494382,0.12359550561797752,0.24444444444444444,0.033707865168539325,0.0449438202247191
tanmaykapoor,2,149704,294.6929133858268,258.4803149606299,1314,0.027559055118110236,0.11023622047244094,0,0,0,0,0.015748031496062992,0.031496062992125984,0,0,0,0,0.007874015748031496,0.0531496062992126,0.14960629921259844,0.6456692913385826,0.7808219178082192,6.958904109589041,9.125,0.3561643835616438,0.1917808219178082,0.0410958904109589,0.0684931506849315,0.0410958904109589,0.1095890410958904,0.2,0.0410958904109589,0.0958904109589041
tanmaykapoor,0,151381,202.11081441922565,185.57676902536716,1238.4,0.01335113484646195,0.06942590120160214,0,0,0,0,0.006675567423230975,0.009345794392523364,0,0,0,0,0.0026702269692923898,0.01335113484646195,0.16822429906542055,0.7369826435246996,0.7272727272727273,6.190082644628099,24.2,0.23140495867768596,0.19008264462809918,0.049586776859504134,0.0743801652892562,0.09917355371900827,0.17355371900826447,0.4117647058823529,0.01652892561983471,0.04132231404958678
tanmaykapoor,1,182772,201.73509933774835,178.87527593818984,1380.7333333333333,0.016556291390728478,0.0739514348785872,0,0.002207505518763797,0.012141280353200883,0,0.004415011037527594,0.008830022075055188,0,0,0,0,0.002207505518763797,0.026490066225165563,0.17549668874172186,0.6986754966887417,0.6870748299319728,6.163265306122449,29.4,0.25170068027210885,0.19727891156462585,0.04081632653061224,0.02040816326530612,0.16326530612244897,0.18367346938775508,0.4090909090909091,0.034013605442176874,0.02040816326530612
tanmaykapoor,2,153021,269.8783068783069,251.4268077601411,1743.6666666666667,0.010582010582010581,0.10405643738977072,0,0,0.02292768959435626,0.001763668430335097,0.008818342151675485,0.012345679012345678,0,0,0,0,0.003527336860670194,0.037037037037037035,0.14109347442680775,0.6754850088183422,0.821917808219178,7.767123287671233,10.428571428571429,0.2876712328767123,0.2465753424657534,0,0.0547945205479452,0.1506849315068493,0.2054794520547945,0.38461538461538464,0.0410958904109589,0.0684931506849315
tanmaykapoor,3,119373,420.3274647887324,298.8521126760563,2464.214285714286,0.04929577464788732,0.08098591549295775,0,0,0,0,0.017605633802816902,0.017605633802816902,0,0,0,0,0.007042253521126761,0.0528169014084507,0.15140845070422534,0.6901408450704225,0.8181818181818182,6.454545454545454,7.333333333333333,0.3409090909090909,0.18181818181818182,0.022727272727272728,0.06818181818181818,0.09090909090909091,0.1590909090909091,0.30434782608695654,0.022727272727272728,0.13636363636363635
tanmaykapoor,3,175390,334.71374045801525,274.70992366412213,1746.7777777777778,0.03435114503816794,0.07824427480916031,0.0057251908396946565,0.009541984732824428,0.16984732824427481,0.009541984732824428,0.01717557251908397,0.02099236641221374,0,0,0.0019083969465648854,0.0019083969465648854,0.011450381679389313,0.03244274809160305,0.12786259541984732,0.5267175572519084,0.7619047619047619,8.317460317460318,6.3,0.3492063492063492,0.2857142857142857,0.031746031746031744,0.031746031746031744,0.047619047619047616,0.07936507936507936,0.125,0.12698412698412698,0.20634920634920634
tanmaykapoor,2,92306,270.69208211143695,222.5131964809384,1493.5454545454545,0.03225806451612903,0.10557184750733138,0,0.005865102639296188,0.002932551319648094,0.005865102639296188,0.020527859237536656,0.02346041055718475,0,0,0,0,0,0.04398826979472141,0.16129032258064516,0.6422287390029325,0.8,11.366666666666667,7.5,0.3333333333333333,0.13333333333333333,0.03333333333333333,0.06666666666666667,0.13333333333333333,0.2,0.42857142857142855,0,0.06666666666666667
tanmaykapoor,2,95399,310.7459283387622,226.53094462540716,2154.5,0.03908794788273615,0.0749185667752443,0,0.003257328990228013,0.08143322475570032,0.003257328990228013,0.04560260586319218,0.05211726384364821,0,0,0,0,0.009771986970684038,0.05863192182410423,0.14006514657980457,0.5765472312703583,0.7441860465116279,7.1395348837209305,6.142857142857143,0.32558139534883723,0.32558139534883723,0.046511627906976744,0,0.023255813953488372,0.023255813953488372,0.03571428571428571,0.09302325581395349,0.16279069767441862
tanmaykapoor,3,151133,316.84067085953876,249.98742138364778,1594.45,0.041928721174004195,0.06708595387840671,0,0.010482180293501049,0.07547169811320754,0.008385744234800839,0.016771488469601678,0.025157232704402517,0,0,0,0,0.008385744234800839,0.0440251572327044,0.1488469601677149,0.6121593291404612,0.8148148148148148,8.833333333333334,7.714285714285714,0.2962962962962963,0.2777777777777778,0.018518518518518517,0.037037037037037035,0,0.037037037037037035,0.06451612903225806,0.037037037037037035,0.07407407407407407
tanmaykapoor,3,91841,371.82591093117406,277.09716599190284,1799.8461538461538,0.05263157894736842,0.08502024291497975,0,0.024291497975708502,0.11740890688259109,0.004048582995951417,0.008097165991902834,0.012145748987854251,0,0,0,0,0.008097165991902834,0.04048582995951417,0.13360323886639677,0.5748987854251012,0.9090909090909091,7.484848484848484,8.25,0.24242424242424243,0.15151515151515152,0.06060606060606061,0.09090909090909091,0.09090909090909091,0.18181818181818182,0.46153846153846156,0.09090909090909091,0
nnpise,0,34600,364.2105263157895,315.33684210526314,1160.75,0.042105263157894736,0.06315789473684211,0,0,0,0,0.031578947368421054,0.031578947368421054,0,0,0,0,0,0.031578947368421054,0.15789473684210525,0.7157894736842105,1,5.9375,4,0.3125,0.125,0,0.125,0.0625,0.1875,0.42857142857142855,0.1875,0
supratik,0,173338,291.32436974789914,228.76806722689076,2189.470588235294,0.02857142857142857,0.10420168067226891,0,0,0.013445378151260505,0,0.010084033613445379,0.015126050420168067,0,0,0,0,0,0.023529411764705882,0.14453781512605043,0.6974789915966386,0.8157894736842105,7.828947368421052,12.666666666666666,0.39473684210526316,0.18421052631578946,0.02631578947368421,0.05263157894736842,0.039473684210526314,0.09210526315789473,0.1590909090909091,0,0.039473684210526314
supratik,0,102369,278.1766304347826,243.66847826086956,1814.142857142857,0.019021739130434784,0.019021739130434784,0,0,0,0,0.035326086956521736,0.051630434782608696,0,0,0,0,0,0.04619565217391304,0.17119565217391305,0.7119565217391305,0.875,5.75,5.333333333333333,0.28125,0.1875,0.03125,0.109375,0.09375,0.203125,0.43333333333333335,0.03125,0.0625
supratik,2,185271,347.60037523452155,205.80112570356474,2799.222222222222,0.05065666041275797,0.028142589118198873,0,0,0.020637898686679174,0,0.0075046904315197,0.020637898686679174,0,0,0.009380863039399626,0,0.00375234521575985,0.01876172607879925,0.15384615384615385,0.7429643527204502,0.6875,6.6625,13.333333333333334,0.35,0.1625,0.05,0.1,0,0.1,0.1951219512195122,0.0625,0
supratik,3,107508,303.6949152542373,218.8135593220339,2003.2,0.0423728813559322,0.07627118644067797,0,0,0,0,0.01694915254237288,0.03672316384180791,0,0,0,0,0.01977401129943503,0.05084745762711865,0.15819209039548024,0.6581920903954802,0.78,7.08,5,0.4,0.24,0.02,0.02,0.02,0.04,0.0625,0,0.02
supratik,3,124150,539.7826086956521,256.39130434782606,10863.333333333334,0.02608695652173913,0.10434782608695652,0,0,0,0,0.013043478260869565,0.021739130434782608,0,0,0,0,0,0.021739130434782608,0.14347826086956522,0.7043478260869566,0.9285714285714286,8.214285714285714,7,0.2857142857142857,0.32142857142857145,0,0,0.10714285714285714,0.10714285714285714,0.17647058823529413,0.07142857142857142,0.03571428571428571
supratik,0,18729,197.14736842105262,197.14736842105262,0,0,0.06315789473684211,0,0,0,0,0.021052631578947368,0.021052631578947368,0,0,0,0,0,0.031578947368421054,0.16842105263157894,0.7157894736842105,1,5.588235294117647,5.666666666666667,0.23529411764705882,0.23529411764705882,0,0.11764705882352941,0.11764705882352941,0.23529411764705882,0.5,0.11764705882352941,0
supratik,0,25475,203.8,203.8,0,0,0.016,0,0,0,0,0.032,0.032,0,0,0,0,0,0.056,0.216,0.68,0.75,4.464285714285714,5.6,0.2857142857142857,0.2857142857142857,0,0.03571428571428571,0.07142857142857142,0.10714285714285714,0.1875,0.07142857142857142,0
supratik,0,25903,233.36036036036037,212.4144144144144,1162.5,0.018018018018018018,0.02702702702702703,0,0,0,0,0.02702702702702703,0.04504504504504504,0,0,0,0,0,0.05405405405405406,0.16216216216216217,0.7117117117117117,1,5.842105263157895,4.75,0.3684210526315789,0.3157894736842105,0,0.05263157894736842,0,0.05263157894736842,0.07692307692307693,0.15789473684210525,0.05263157894736842
supratik,0,92020,245.38666666666666,213.968,1963.6666666666667,0.016,0.06933333333333333,0,0,0,0,0.034666666666666665,0.042666666666666665,0,0,0,0,0.0026666666666666666,0.042666666666666665,0.17866666666666667,0.6613333333333333,0.6825396825396826,5.9523809523809526,4.846153846153846,0.3968253968253968,0.25396825396825395,0.047619047619047616,0.07936507936507936,0.047619047619047616,0.12698412698412698,0.1951219512195122,0.14285714285714285,0.09523809523809523
supratik,0,25726,321.575,156.025,4414.666666666667,0.0375,0,0,0,0,0,0.1125,0.1125,0,0,0,0,0,0.075,0.1375,0.675,1,6.666666666666667,3,0.6666666666666666,0.25,0,0,0,0,0,0,0.08333333333333333
supratik,0,77218,347.8288288288288,263.6936936936937,2668.285714285714,0.03153153153153153,0.08558558558558559,0,0,0,0,0.013513513513513514,0.02252252252252252,0,0,0,0,0,0.02252252252252252,0.15315315315315314,0.7162162162162162,0.88,8.88,8.333333333333334,0.48,0.16,0,0.08,0.04,0.12,0.1875,0,0
supratik,0,17880,248.33333333333334,248.33333333333334,0,0,0.041666666666666664,0,0,0,0,0.027777777777777776,0.027777777777777776,0,0,0,0,0,0.08333333333333333,0.18055555555555555,0.6388888888888888,1,5.142857142857143,4.666666666666667,0.7857142857142857,0.14285714285714285,0,0,0,0,0,0.07142857142857142,0.07142857142857142
supratik,0,39648,363.74311926605503,342.1926605504587,1174.5,0.01834862385321101,0.10091743119266056,0,0,0,0,0.027522935779816515,0.045871559633027525,0,0,0,0,0,0.07339449541284404,0.13761467889908258,0.6422018348623854,0.9230769230769231,8.384615384615385,4.333333333333333,0.46153846153846156,0.15384615384615385,0,0,0,0,0,0,0
supratik,3,25900,259,259,0,0,0.12,0,0,0,0,0.01,0.01,0,0,0,0,0,0.03,0.14,0.7,0.8666666666666667,6.666666666666667,7.5,0.3333333333333333,0.3333333333333333,0,0,0.13333333333333333,0.13333333333333333,0.2,0,0.13333333333333333
supratik,0,22991,227.63366336633663,214.87128712871288,1289,0.009900990099009901,0.04950495049504951,0,0,0,0,0.039603960396039604,0.039603960396039604,0,0,0,0,0,0.04950495049504951,0.1782178217821782,0.6732673267326733,0.6111111111111112,5.611111111111111,3.6,0.3888888888888889,0.2222222222222222,0,0.2222222222222222,0,0.2222222222222222,0.36363636363636365,0.16666666666666666,0
rishi,2,71100,333.80281690140845,285.8779342723005,1276,0.03755868544600939,0.09389671361502347,0,0,0.13145539906103287,0,0.018779342723004695,0.03286384976525822,0,0,0,0,0,0.046948356807511735,0.13145539906103287,0.5633802816901409,0.9259259259259259,7.888888888888889,6.75,0.25925925925925924,0.2222222222222222,0.1111111111111111,0.18518518518518517,0,0.18518518518518517,0.38461538461538464,0.2222222222222222,0.037037037037037035
rishi,0,11644,223.92307692307693,203.90384615384616,1041,0.019230769230769232,0,0,0,0,0,0.019230769230769232,0.019230769230769232,0,0,0,0,0,0.019230769230769232,0.17307692307692307,0.7884615384615384,1,5.2,5,0.2,0.1,0,0.2,0.1,0.30000000000000004,1,0,0
rishi,0,16486,249.78787878787878,210.75757575757575,1288,0.030303030303030304,0.030303030303030304,0,0,0,0,0.06060606060606061,0.06060606060606061,0,0,0,0,0,0.06060606060606061,0.22727272727272727,0.6212121212121212,0.8666666666666667,4.4,3.75,0.2,0.2,0,0.13333333333333333,0.13333333333333333,0.26666666666666666,0.6666666666666666,0.2,0
tanmaykapoor,0,235580,232.78656126482213,201.17588932806325,1599.5,0.019762845849802372,0.07015810276679842,0,0.0009881422924901185,0.0029644268774703555,0,0.00691699604743083,0.010869565217391304,0,0,0,0,0.005928853754940711,0.02766798418972332,0.15711462450592886,0.7223320158102767,0.6973684210526315,6.657894736842105,19,0.28289473684210525,0.17105263157894737,0.06578947368421052,0.125,0.019736842105263157,0.14473684210526316,0.3188405797101449,0.13157894736842105,0
tanmaykapoor,1,155017,198.23145780051152,191.1010230179028,1394,0.005115089514066497,0.08439897698209718,0,0,0,0,0.005115089514066497,0.010230179028132993,0,0,0,0,0.0076726342710997444,0.02557544757033248,0.16751918158567775,0.7046035805626598,0.6639344262295082,6.409836065573771,24.4,0.2540983606557377,0.20491803278688525,0.04918032786885246,0.040983606557377046,0.1557377049180328,0.19672131147540983,0.42857142857142855,0.05737704918032787,0.03278688524590164
tanmaykapoor,2,81827,401.1127450980392,298.0735294117647,1616.923076923077,0.06372549019607843,0.1568627450980392,0,0.004901960784313725,0.04411764705882353,0,0.014705882352941176,0.0196078431372549,0,0.00980392156862745,0,0,0.00980392156862745,0.029411764705882353,0.11274509803921569,0.6127450980392157,0.875,8.5,6,0.625,0.25,0.041666666666666664,0,0.041666666666666664,0.041666666666666664,0.047619047619047616,0,0.375
tanmaykapoor,3,110084,526.7177033492823,353.70334928229664,1506.6666666666667,0.11483253588516747,0.18181818181818182,0,0,0,0,0.023923444976076555,0.03349282296650718,0.004784688995215311,0,0,0,0.009569377990430622,0.04784688995215311,0.15311004784688995,0.569377990430622,0.7407407407407407,7.7407407407407405,5.4,0.2962962962962963,0.2962962962962963,0,0.037037037037037035,0.07407407407407407,0.1111111111111111,0.1875,0,0.4444444444444444
rishi,0,15341,170.45555555555555,170.45555555555555,0,0,0,0,0,0,0,0,0,0,0,0,0,0,0,0.15555555555555556,0.8444444444444444,0.26666666666666666,6,15,0.2,0,0,0,0,0,0,0,0.06666666666666667
rishi,1,28965,402.2916666666667,385.7361111111111,1192,0.013888888888888888,0.013888888888888888,0,0,0,0,0,0,0,0,0,0,0,0,0.18055555555555555,0.8055555555555556,1,5.142857142857143,14,0.2857142857142857,0.14285714285714285,0,0.07142857142857142,0.21428571428571427,0.2857142857142857,0.6666666666666666,0,0.07142857142857142
abhi,0,72079,326.14932126696834,273.9864253393665,1646.857142857143,0.03167420814479638,0.10407239819004525,0,0,0,0,0,0,0,0,0,0,0.004524886877828055,0,0.15384615384615385,0.7194570135746606,0.8529411764705882,6.5,17,0.20588235294117646,0.38235294117647056,0,0.029411764705882353,0,0.029411764705882353,0.05,0.08823529411764706,0.029411764705882353
tanmaykapoor,1,119205,214.78378378378378,196.51531531531532,1689.8333333333333,0.010810810810810811,0.03963963963963964,0,0,0.02882882882882883,0,0.005405405405405406,0.005405405405405406,0,0,0,0,0.012612612612612612,0.016216216216216217,0.17477477477477477,0.7225225225225225,0.6288659793814433,5.721649484536083,19.4,0.29896907216494845,0.21649484536082475,0.010309278350515464,0.09278350515463918,0.041237113402061855,0.13402061855670103,0.26,0.041237113402061855,0.041237113402061855
tanmaykapoor,1,164294,204.85536159600997,190.57481296758104,1908.8333333333333,0.007481296758104738,0.05236907730673317,0,0.0024937655860349127,0.03615960099750624,0,0.004987531172069825,0.007481296758104738,0,0,0,0,0.0024937655860349127,0.011221945137157107,0.17331670822942644,0.713216957605985,0.6842105263157895,6.030075187969925,33.25,0.3233082706766917,0.20300751879699247,0.045112781954887216,0.06766917293233082,0.09774436090225563,0.16541353383458646,0.3142857142857143,0.05263157894736842,0.05263157894736842
tanmaykapoor,3,120560,339.6056338028169,298.4507042253521,1461,0.028169014084507043,0.12112676056338029,0,0.0028169014084507044,0.022535211267605635,0.0028169014084507044,0.016901408450704224,0.016901408450704224,0,0,0,0,0.008450704225352112,0.03380281690140845,0.14647887323943662,0.6450704225352113,0.7954545454545454,8.068181818181818,6.285714285714286,0.3181818181818182,0.25,0.022727272727272728,0.06818181818181818,0.06818181818181818,0.13636363636363635,0.24,0.022727272727272728,0.045454545454545456
tanmaykapoor,2,118486,291.8374384236453,244.56896551724137,1744.6363636363637,0.027093596059113302,0.07635467980295567,0,0.0024630541871921183,0.017241379310344827,0,0.009852216748768473,0.014778325123152709,0.0024630541871921183,0,0,0,0.007389162561576354,0.027093596059113302,0.16009852216748768,0.6921182266009852,0.7936507936507936,6.444444444444445,12.6,0.3333333333333333,0.2857142857142857,0.015873015873015872,0.047619047619047616,0,0.047619047619047616,0.07692307692307693,0.031746031746031744,0.1746031746031746
rishi,0,10380,216.25,216.25,0,0,0,0,0,0,0,0,0,0,0,0,0,0,0,0.1875,0.8125,0.8,4.8,10,0.2,0.2,0.3,0.2,0,0.2,0.5,0.3,0
rishi,3,26148,244.37383177570092,244.37383177570092,0,0,0.09345794392523364,0,0,0,0,0,0,0,0,0,0,0,0,0.09345794392523364,0.8130841121495327,1,9.727272727272727,11,0.2727272727272727,0.18181818181818182,0,0.09090909090909091,0,0.09090909090909091,0.2,0.09090909090909091,0
rishi,0,16180,227.88732394366198,192.08450704225353,2542,0.014084507042253521,0.014084507042253521,0,0,0,0,0.014084507042253521,0.014084507042253521,0,0,0,0,0,0.014084507042253521,0.19718309859154928,0.7605633802816901,0.8125,4.4375,8,0.3125,0.25,0,0,0,0,0,0,0.125
rishi,0,16723,261.296875,234.6875,1703,0.015625,0.015625,0,0,0,0,0.0625,0.0625,0,0,0,0,0,0.046875,0.1875,0.6875,1,4.571428571428571,7,0.07142857142857142,0.21428571428571427,0,0.07142857142857142,0.07142857142857142,0.14285714285714285,0.5,0,0
rishi,0,21866,225.42268041237114,225.42268041237114,0,0,0.030927835051546393,0,0,0,0,0.010309278350515464,0.010309278350515464,0,0,0,0,0,0.030927835051546393,0.16494845360824742,0.7628865979381443,0.8823529411764706,5.705882352941177,8.5,0.29411764705882354,0.23529411764705882,0,0.058823529411764705,0.058823529411764705,0.11764705882352941,0.2222222222222222,0.058823529411764705,0
rishi,0,41140,395.5769230769231,327.27884615384613,1183.8333333333333,0.057692307692307696,0.08653846153846154,0,0,0,0,0.019230769230769232,0.019230769230769232,0,0,0,0,0,0.057692307692307696,0.19230769230769232,0.6442307692307693,0.9285714285714286,7.428571428571429,4.666666666666667,0.42857142857142855,0.2857142857142857,0,0,0.07142857142857142,0.07142857142857142,0.1,0.07142857142857142,0.07142857142857142
rishi,3,48087,372.7674418604651,306.51162790697674,4273.5,0.015503875968992248,0.06976744186046512,0,0,0,0,0,0,0,0,0,0,0,0.015503875968992248,0.17054263565891473,0.7441860465116279,0.3,12.9,10,0.1,0.9,0,0,0,0,0,0,0.9
rishi,3,42262,391.31481481481484,373.962962962963,1874,0.009259259259259259,0.018518518518518517,0,0,0,0,0.018518518518518517,0.018518518518518517,0,0,0,0,0,0.009259259259259259,0.19444444444444445,0.7592592592592593,0.2,10.8,10,0,0.9,0,0.1,0,0.1,0.1111111111111111,0,0.9
rishi,3,29759,346.0348837209302,346.0348837209302,0,0,0.06976744186046512,0,0,0,0,0,0,0,0,0,0,0,0,0.16279069767441862,0.7674418604651163,1,6.615384615384615,13,0.46153846153846156,0.23076923076923078,0,0,0,0,0,0,0.07692307692307693
rishi,3,40714,667.4426229508197,610.5245901639345,1736,0.03278688524590164,0.03278688524590164,0,0,0,0,0,0.01639344262295082,0,0,0,0,0,0,0.16393442622950818,0.7868852459016393,0.9090909090909091,5.545454545454546,11,0.5454545454545454,0.18181818181818182,0,0,0,0,0,0.36363636363636365,0
rishi,0,9217,173.9056603773585,173.9056603773585,0,0,0,0,0,0,0,0,0,0,0,0,0,0,0,0.16981132075471697,0.8301886792452831,1,5.3,10,0.3,0.1,0,0.2,0,0.2,0.5,0.1,0.1
rishi,3,35293,339.3557692307692,303.47115384615387,1866,0.019230769230769232,0.057692307692307696,0,0,0,0,0,0.009615384615384616,0,0,0,0,0,0,0.18269230769230768,0.75,1,6.933333333333334,15,0.4,0.2,0,0.06666666666666667,0.13333333333333333,0.2,0.3333333333333333,0,0.06666666666666667
rishi,0,22111,298.7972972972973,183.6216216216216,2841,0.04054054054054054,0.02702702702702703,0,0,0,0,0.02702702702702703,0.04054054054054054,0,0,0.013513513513513514,0,0,0.0945945945945946,0.13513513513513514,0.6891891891891891,1,6.7272727272727275,3.6666666666666665,0.18181818181818182,0.18181818181818182,0,0.09090909090909091,0.18181818181818182,0.2727272727272727,0.75,0.18181818181818182,0
rishi,0,17945,267.8358208955224,203.0597014925373,2170,0.029850746268656716,0,0,0,0,0,0.029850746268656716,0.04477611940298507,0,0,0.014925373134328358,0,0,0.07462686567164178,0.16417910447761194,0.7014925373134329,1,5.583333333333333,4,0.3333333333333333,0.08333333333333333,0,0.08333333333333333,0.08333333333333333,0.16666666666666666,0.4,0.08333333333333333,0
rishi,0,18459,214.63953488372093,197.2674418604651,1494,0.011627906976744186,0.03488372093023256,0,0,0,0,0,0,0,0,0,0,0.011627906976744186,0,0.18604651162790697,0.7674418604651163,1,4.777777777777778,9,0.3333333333333333,0.2222222222222222,0,0.05555555555555555,0.1111111111111111,0.16666666666666666,0.3,0,0
rishi,3,32962,296.9549549549549,267.34234234234236,1095.6666666666667,0.02702702702702703,0.15315315315315314,0,0,0,0,0,0,0,0,0,0,0,0,0.13513513513513514,0.7117117117117117,0.5714285714285714,7.928571428571429,14,0.5714285714285714,0.2857142857142857,0,0.07142857142857142,0,0.07142857142857142,0.08333333333333333,0,0.2857142857142857
rishi,0,13029,210.1451612903226,210.1451612903226,0,0,0,0,0,0,0,0,0,0,0,0,0,0,0,0.22580645161290322,0.7741935483870968,0.9333333333333333,4.133333333333334,15,0.4,0.13333333333333333,0.06666666666666667,0.13333333333333333,0,0.13333333333333333,0.25,0.13333333333333333,0
rishi,0,20229,229.875,198.4431818181818,1383,0.022727272727272728,0.022727272727272728,0,0,0,0,0.011363636363636364,0.011363636363636364,0,0,0,0,0,0.011363636363636364,0.17045454545454544,0.7727272727272727,1,5.176470588235294,8.5,0.35294117647058826,0.23529411764705882,0,0,0.058823529411764705,0.058823529411764705,0.1,0,0.058823529411764705
rishi,0,12307,173.33802816901408,173.33802816901408,0,0,0,0,0,0,0,0,0,0,0,0,0,0,0,0.15492957746478872,0.8450704225352113,0.16666666666666666,5.916666666666667,12,0.08333333333333333,0.9166666666666666,0,0,0,0,0,0,0.9166666666666666
rishi,0,16885,216.47435897435898,216.47435897435898,0,0,0,0,0,0,0,0,0,0,0,0,0,0,0,0.15384615384615385,0.8461538461538461,0.23076923076923078,6,13,0.15384615384615385,0,0,0,0,0,0,0,0
rishi,3,59513,513.0431034482758,459.37068965517244,6226,0.008620689655172414,0.0603448275862069,0,0,0,0,0,0,0,0,0,0,0,0,0.16379310344827586,0.7758620689655172,1,7.25,16,0.1875,0.25,0.0625,0.0625,0,0.0625,0.14285714285714285,0,0.0625
abhi,0,68261,432.03164556962025,307.7088607594937,2455.375,0.05063291139240506,0.1518987341772152,0,0,0,0,0,0,0,0,0,0,0,0,0.1518987341772152,0.689873417721519,0.9545454545454546,7.181818181818182,22,0.3181818181818182,0.22727272727272727,0.045454545454545456,0.09090909090909091,0.09090909090909091,0.18181818181818182,0.3333333333333333,0,0
abhi,1,63805,358.4550561797753,291.23595505617976,1495.625,0.0449438202247191,0.1853932584269663,0,0,0.0898876404494382,0,0.0056179775280898875,0.011235955056179775,0,0,0,0,0,0,0.15730337078651685,0.550561797752809,1,9.368421052631579,9.5,0.3684210526315789,0.21052631578947367,0,0,0,0,0,0,0.05263157894736842
rishi,0,30725,361.47058823529414,188.0235294117647,3685.75,0.047058823529411764,0,0,0,0,0,0,0.023529411764705882,0,0,0.011764705882352941,0,0,0.07058823529411765,0.11764705882352941,0.7764705882352941,0.9,8.5,10,0.9,0.1,0,0,0,0,0,0,0
rishi,3,187670,2375.5696202531644,2277.9620253164558,2570.3333333333335,0.0379746835443038,0.06329113924050633,0,0,0,0,0,0,0,0,0.012658227848101266,0,0,0.05063291139240506,0.12658227848101267,0.7341772151898734,1,7.9,10,0.5,0.2,0,0.1,0,0.1,0.14285714285714285,0,0
rishi,3,40474,512.3291139240506,239.63291139240508,5385.75,0.05063291139240506,0.05063291139240506,0,0,0,0,0,0,0,0,0.0379746835443038,0,0,0.012658227848101266,0.189873417721519,0.7088607594936709,1,6.076923076923077,13,0.38461538461538464,0.15384615384615385,0,0.07692307692307693,0,0.07692307692307693,0.14285714285714285,0.07692307692307693,0.07692307692307693
rishi,0,22624,248.6153846153846,213.8131868131868,1583.5,0.02197802197802198,0.04395604395604396,0,0,0,0,0,0.01098901098901099,0,0,0,0,0,0,0.16483516483516483,0.7802197802197802,1,6.066666666666666,15,0.4666666666666667,0.13333333333333333,0,0,0,0,0,0,0
rishi,0,32317,273.8728813559322,182.83050847457628,1790.5,0.05084745762711865,0.06779661016949153,0,0,0,0,0,0,0,0,0.00847457627118644,0,0,0.00847457627118644,0.1271186440677966,0.788135593220339,1,7.866666666666666,15,0.3333333333333333,0.13333333333333333,0.06666666666666667,0.13333333333333333,0,0.13333333333333333,0.2857142857142857,0,0.06666666666666667
rishi,3,245516,6460.9473684210525,344.60526315789474,46484.2,0.13157894736842105,0.21052631578947367,0,0,0,0,0,0,0,0,0.02631578947368421,0,0,0,0.15789473684210525,0.5263157894736842,0.813953488372093,0.8837209302325582,21.5,0.4186046511627907,0.18604651162790697,0.09302325581395349,0.046511627906976744,0,0.046511627906976744,0.07692307692307693,0,0.023255813953488372
rishi,3,6460306,20639.955271565494,20321.811501597444,5857.588235294118,0.054313099041533544,0.03194888178913738,0,0,0,0,0.012779552715654952,0.019169329073482427,0,0,0.006389776357827476,0,0.006389776357827476,0.012779552715654952,0.15654952076677317,0.7571884984025559,0.7058823529411765,6.137254901960785,7.285714285714286,0.2549019607843137,0.27450980392156865,0.0196078431372549,0.0392156862745098,0.0196078431372549,0.058823529411764705,0.1111111111111111,0.0392156862745098,0.058823529411764705
rishi,3,81005,383.90995260663504,243.0047393364929,4247.285714285715,0.03317535545023697,0.06635071090047394,0,0,0.014218009478672985,0,0.004739336492890996,0.023696682464454975,0,0,0.009478672985781991,0,0,0.023696682464454975,0.14691943127962084,0.7156398104265402,0.8518518518518519,7.814814814814815,13.5,0.2962962962962963,0.07407407407407407,0,0.07407407407407407,0.07407407407407407,0.14814814814814814,0.4,0.07407407407407407,0.037037037037037035
rishi,0,24961,240.0096153846154,184.34615384615384,1929.6666666666667,0.028846153846153848,0.009615384615384616,0,0,0,0,0.009615384615384616,0.019230769230769232,0,0,0.009615384615384616,0,0,0.009615384615384616,0.14423076923076922,0.8076923076923077,0.8823529411764706,6.117647058823529,8.5,0.4117647058823529,0.11764705882352941,0,0,0.058823529411764705,0.058823529411764705,0.1111111111111111,0,0.058823529411764705
abhi,0,117423,376.3557692307692,264.59935897435895,2179.25,0.05128205128205128,0.09294871794871795,0,0,0,0,0.00641025641025641,0.016025641025641024,0,0,0,0,0.009615384615384616,0,0.16666666666666666,0.7083333333333334,0.8367346938775511,6.36734693877551,16.333333333333332,0.30612244897959184,0.16326530612244897,0.04081632653061224,0.04081632653061224,0.08163265306122448,0.12244897959183673,0.2608695652173913,0.02040816326530612,0
abhi,2,260328,400.50461538461536,271.2338461538462,3231.769230769231,0.04,0.13538461538461538,0,0,0,0,0.007692307692307693,0.010769230769230769,0,0.006153846153846154,0,0,0.006153846153846154,0,0.15846153846153846,0.676923076923077,0.759493670886076,8.227848101265822,13.166666666666666,0.31645569620253167,0.17721518987341772,0.02531645569620253,0.08860759493670886,0.02531645569620253,0.11392405063291139,0.23076923076923078,0.02531645569620253,0.0379746835443038
angore,0,36276,164.1447963800905,164.1447963800905,0,0,0.058823529411764705,0,0,0,0,0.00904977375565611,0.00904977375565611,0,0,0,0,0,0,0.20361990950226244,0.7285067873303167,0.7674418604651163,5.1395348837209305,14.333333333333334,0.2558139534883721,0.18604651162790697,0.023255813953488372,0.023255813953488372,0.06976744186046512,0.09302325581395349,0.21052631578947367,0.046511627906976744,0
abhi,0,115551,265.63448275862066,239.98620689655172,1239.6666666666667,0.020689655172413793,0.09195402298850575,0,0,0,0,0.004597701149425287,0.004597701149425287,0,0.011494252873563218,0,0,0.0022988505747126436,0,0.16091954022988506,0.7241379310344828,0.746031746031746,6.904761904761905,21,0.30158730158730157,0.20634920634920634,0.047619047619047616,0.1111111111111111,0.031746031746031744,0.14285714285714285,0.28125,0.015873015873015872,0.015873015873015872
abhi,0,333218,1625.4536585365854,244.15121951219513,28316.7,0.04878048780487805,0.07804878048780488,0,0,0,0,0.004878048780487805,0.00975609756097561,0,0.004878048780487805,0,0,0.004878048780487805,0,0.18536585365853658,0.7170731707317073,0.8,5.857142857142857,17.5,0.22857142857142856,0.2,0.02857142857142857,0.05714285714285714,0.02857142857142857,0.08571428571428572,0.2,0.05714285714285714,0.05714285714285714
tanmaykapoor,1,100449,204.16463414634146,187.79674796747966,1610.6,0.01016260162601626,0.034552845528455285,0,0.0020325203252032522,0.008130081300813009,0,0.008130081300813009,0.01016260162601626,0,0,0,0,0.0040650406504065045,0.02032520325203252,0.17479674796747968,0.7459349593495935,0.7023809523809523,5.857142857142857,16.8,0.23809523809523808,0.17857142857142858,0.03571428571428571,0.047619047619047616,0.09523809523809523,0.14285714285714285,0.34285714285714286,0.05952380952380952,0.047619047619047616
tanmaykapoor,3,82434,340.6363636363636,307.6942148760331,1993,0.01652892561983471,0.15702479338842976,0,0,0,0,0.012396694214876033,0.01652892561983471,0,0,0,0,0,0.02066115702479339,0.1487603305785124,0.6487603305785123,0.8387096774193549,7.806451612903226,7.75,0.16129032258064516,0.41935483870967744,0,0.03225806451612903,0.12903225806451613,0.16129032258064516,0.2777777777777778,0,0.1935483870967742
omkar,0,139537,394.1723163841808,316.71751412429376,1827.9333333333334,0.0423728813559322,0.014124293785310734,0,0,0,0,0.005649717514124294,0.00847457627118644,0,0,0,0,0,0,0.19491525423728814,0.7824858757062146,0.6857142857142857,5.057142857142857,23.333333333333332,0.18571428571428572,0.2,0.02857142857142857,0.04285714285714286,0.14285714285714285,0.18571428571428572,0.48148148148148145,0.02857142857142857,0.02857142857142857
p@p,0,25479,12739.5,12739.5,0,0,0,0,0,0,0,0,0,0,0,0.5,0,0,0,0,0.5,0.7395833333333334,0.020833333333333332,13.714285714285714,0.20833333333333334,0.21875,0.020833333333333332,0.09375,0.03125,0.125,0.2926829268292683,0.041666666666666664,0.052083333333333336
p@p,0,238826,556.7039627039627,276.2191142191142,8021.866666666667,0.03496503496503497,0.07226107226107226,0,0,0,0,0.011655011655011656,0.016317016317016316,0,0,0,0,0,0.018648018648018648,0.1585081585081585,0.7342657342657343,0.7555555555555555,9.533333333333333,15,0.3111111111111111,0.15555555555555556,0.044444444444444446,0.022222222222222223,0.022222222222222223,0.044444444444444446,0.09523809523809523,0.022222222222222223,0.022222222222222223
xyz,0,195263,316.4716369529984,222.67423014586709,2755.8571428571427,0.03403565640194489,0.08752025931928688,0,0,0,0,0.012965964343598054,0.014586709886547812,0,0,0,0,0,0.022690437601296597,0.16693679092382496,0.7050243111831442,0.7263157894736842,6.494736842105263,10.555555555555555,0.2631578947368421,0.17894736842105263,0.06315789473684211,0.05263157894736842,0.08421052631578947,0.13684210526315788,0.30952380952380953,0.042105263157894736,0.06315789473684211
agnihotri,0,120774,255.8771186440678,198.23516949152543,3886.714285714286,0.014830508474576272,0.08050847457627118,0,0,0.00423728813559322,0,0.00423728813559322,0.006355932203389831,0,0,0,0,0.00211864406779661,0,0.1716101694915254,0.7351694915254238,0.7567567567567568,6.378378378378378,24.666666666666668,0.3108108108108108,0.1891891891891892,0.04054054054054054,0.04054054054054054,0.04054054054054054,0.08108108108108109,0.16216216216216217,0.04054054054054054,0.05405405405405406
agnihotri,0,78536,260.05298013245033,238.17880794701986,1321.2,0.016556291390728478,0.039735099337748346,0,0,0.039735099337748346,0,0.016556291390728478,0.016556291390728478,0,0,0,0,0,0,0.17549668874172186,0.7284768211920529,0.8653846153846154,5.8076923076923075,8.666666666666666,0.21153846153846154,0.21153846153846154,0.038461538461538464,0.057692307692307696,0.07692307692307693,0.13461538461538464,0.3181818181818182,0.057692307692307696,0.019230769230769232
agnihotri,0,69600,241.66666666666666,227.94097222222223,1317.6666666666667,0.010416666666666666,0.041666666666666664,0,0,0,0,0.013888888888888888,0.017361111111111112,0,0,0,0,0,0,0.16319444444444445,0.7777777777777778,0.8913043478260869,6.260869565217392,11.5,0.43478260869565216,0.13043478260869565,0.043478260869565216,0.043478260869565216,0.043478260869565216,0.08695652173913043,0.15384615384615385,0.06521739130434782,0.021739130434782608
rishi,3,132983,1356.969387755102,233.81632653061226,27517.25,0.04081632653061224,0.02040816326530612,0,0,0,0,0,0,0,0,0,0,0,0,0.08163265306122448,0.8979591836734694,0.4,9.8,10,0.2,0.6,0,0,0,0,0,0,0.6
rishi,3,28412,242.83760683760684,242.83760683760684,0,0,0.042735042735042736,0,0,0,0,0,0,0,0,0,0,0,0,0.15384615384615385,0.8034188034188035,0.125,7.3125,16,0.0625,0,0,0,0,0,0,0,0
rishi,0,13911,178.34615384615384,161.78205128205127,1292,0.01282051282051282,0,0,0,0,0,0,0,0,0,0,0,0,0,0.1794871794871795,0.8205128205128205,0.11764705882352941,4.588235294117647,17,0.058823529411764705,0.9411764705882353,0,0,0,0,0,0,0.9411764705882353
rishi,0,15928,212.37333333333333,174.58666666666667,2834,0.013333333333333334,0.05333333333333334,0,0,0,0,0,0,0,0,0.013333333333333334,0,0,0,0.13333333333333333,0.8,0.36363636363636365,6.818181818181818,11,0.36363636363636365,0,0,0,0,0,0,0,0
rishi,0,991,495.5,495.5,0,0,0,0,0,0,0,0,0,0,0,0.5,0,0,0,0,0.5,0.36363636363636365,0.18181818181818182,11,0.36363636363636365,0,0,0,0,0,0,0,0
rishi,0,1138,569,569,0,0,0,0,0,0,0,0,0,0,0,0.5,0,0,0,0,0.5,0.36363636363636365,0.18181818181818182,11,0.36363636363636365,0,0,0,0,0,0,0,0
tanmaykapoor,0,52305,184.17253521126761,168.82042253521126,2180,0.007042253521126761,0.04929577464788732,0,0,0,0,0.01056338028169014,0.014084507042253521,0,0,0,0,0,0.02112676056338028,0.15845070422535212,0.7570422535211268,0.8888888888888888,6.311111111111111,15,0.2222222222222222,0.26666666666666666,0.022222222222222223,0.022222222222222223,0.2,0.22222222222222224,0.45454545454545453,0.06666666666666667,0.044444444444444446
tanmaykapoor,3,81645,361.26106194690266,324.7566371681416,1178.5714285714287,0.030973451327433628,0.13274336283185842,0,0,0,0,0.02654867256637168,0.02654867256637168,0,0,0,0,0.01327433628318584,0.048672566371681415,0.13716814159292035,0.6415929203539823,0.84,9.04,5,0.08,0.4,0.04,0.08,0.16,0.24,0.5,0,0.2
tanmaykapoor,3,66150,312.02830188679246,279.49056603773585,3449,0.009433962264150943,0.23113207547169812,0,0,0,0,0.014150943396226415,0.02358490566037736,0,0,0,0,0.0047169811320754715,0.02830188679245283,0.10377358490566038,0.6084905660377359,1,9.636363636363637,5.5,0.22727272727272727,0.22727272727272727,0,0,0.09090909090909091,0.09090909090909091,0.2,0.045454545454545456,0.2727272727272727
tanmaykapoor,3,103999,378.1781818181818,329.08,1687.75,0.02909090909090909,0.13090909090909092,0,0.0036363636363636364,0.01090909090909091,0,0.014545454545454545,0.014545454545454545,0,0,0,0,0.007272727272727273,0.03272727272727273,0.14181818181818182,0.6581818181818182,0.925,6.875,8,0.325,0.225,0.025,0.05,0.075,0.125,0.22727272727272727,0,0.175
tanmaykapoor,2,79506,353.36,292.12444444444446,1377.8,0.044444444444444446,0.19111111111111112,0,0.0044444444444444444,0.013333333333333334,0,0.008888888888888889,0.013333333333333334,0,0,0,0,0.0044444444444444444,0.044444444444444446,0.13777777777777778,0.5911111111111111,0.9285714285714286,8.035714285714286,7,0.2857142857142857,0.2857142857142857,0,0.07142857142857142,0.07142857142857142,0.14285714285714285,0.25,0.07142857142857142,0.14285714285714285
tanmaykapoor,3,77876,340.0698689956332,315.27947598253274,1419.25,0.017467248908296942,0.13537117903930132,0,0,0,0,0.026200873362445413,0.07423580786026202,0,0,0,0,0.021834061135371178,0.07423580786026202,0.13973799126637554,0.5545851528384279,0.8181818181818182,6.9393939393939394,6.6,0.45454545454545453,0.06060606060606061,0.030303030303030304,0.030303030303030304,0.030303030303030304,0.06060606060606061,0.11764705882352941,0.06060606060606061,0.06060606060606061
tanmaykapoor,3,78502,342.8034934497817,318.0131004366812,1419.25,0.017467248908296942,0.13537117903930132,0,0,0,0,0.026200873362445413,0.07423580786026202,0,0,0,0,0.021834061135371178,0.07423580786026202,0.13973799126637554,0.5545851528384279,0.8181818181818182,6.9393939393939394,6.6,0.45454545454545453,0.06060606060606061,0.030303030303030304,0.030303030303030304,0.030303030303030304,0.06060606060606061,0.11764705882352941,0.06060606060606061,0.06060606060606061
tanmaykapoor,2,62439,235.6188679245283,212.50188679245284,1531.5,0.01509433962264151,0.07169811320754717,0,0,0,0,0.011320754716981131,0.01509433962264151,0,0,0,0,0.007547169811320755,0.03773584905660377,0.15471698113207547,0.7132075471698113,0.8095238095238095,6.309523809523809,10.5,0.2857142857142857,0.2857142857142857,0,0.023809523809523808,0.19047619047619047,0.21428571428571427,0.375,0,0.23809523809523808
tanmaykapoor,2,67608,286.47457627118644,259.35593220338984,1600,0.01694915254237288,0.18220338983050846,0,0,0,0,0.012711864406779662,0.012711864406779662,0,0,0,0,0.00847457627118644,0.03389830508474576,0.15254237288135594,0.597457627118644,0.9285714285714286,8.428571428571429,7,0.39285714285714285,0.14285714285714285,0,0.10714285714285714,0.03571428571428571,0.14285714285714285,0.26666666666666666,0.07142857142857142,0.14285714285714285
tanmaykapoor,1,77955,240.60185185185185,206.31172839506172,1851.6666666666667,0.018518518518518517,0.043209876543209874,0,0.0030864197530864196,0.012345679012345678,0,0.018518518518518517,0.027777777777777776,0,0,0,0,0,0.024691358024691357,0.19135802469135801,0.6975308641975309,0.6451612903225806,5.225806451612903,20.666666666666668,0.3225806451612903,0.1774193548387097,0.04838709677419355,0.03225806451612903,0.0967741935483871,0.12903225806451613,0.25806451612903225,0.016129032258064516,0.04838709677419355
tanmaykapoor,0,62362,196.1069182389937,178.78930817610063,1376.75,0.012578616352201259,0.03773584905660377,0,0.0031446540880503146,0.015723270440251572,0.0031446540880503146,0.006289308176100629,0.006289308176100629,0,0,0,0,0.009433962264150943,0.03459119496855346,0.17295597484276728,0.7169811320754716,0.8070175438596491,5.578947368421052,19,0.24561403508771928,0.19298245614035087,0.03508771929824561,0.05263157894736842,0.10526315789473684,0.15789473684210525,0.36,0.05263157894736842,0
agnihotri,0,91697,274.5419161676647,234.24550898203591,1682.375,0.023952095808383235,0.11077844311377245,0,0,0.017964071856287425,0,0.0029940119760479044,0.005988023952095809,0,0,0,0,0,0,0.15868263473053892,0.7065868263473054,0.8085106382978723,7.1063829787234045,23.5,0.2978723404255319,0.23404255319148937,0.06382978723404255,0.0851063829787234,0.0425531914893617,0.1276595744680851,0.24,0.06382978723404255,0
agnihotri,0,85323,235.0495867768595,218.2589531680441,1523.75,0.011019283746556474,0.06611570247933884,0,0,0,0,0.0027548209366391185,0.0027548209366391185,0,0,0,0,0,0,0.16804407713498623,0.7630853994490359,0.7894736842105263,6.368421052631579,28.5,0.19298245614035087,0.2807017543859649,0.03508771929824561,0.05263157894736842,0.08771929824561403,0.14035087719298245,0.2962962962962963,0.017543859649122806,0.03508771929824561
agnihotri,0,70777,244.05862068965519,218.85172413793103,1462,0.017241379310344827,0.07241379310344828,0,0,0,0,0.006896551724137931,0.006896551724137931,0,0,0,0,0,0,0.16896551724137931,0.7517241379310344,0.8958333333333334,6.041666666666667,16,0.2708333333333333,0.16666666666666666,0.0625,0.125,0.0625,0.1875,0.42857142857142855,0.041666666666666664,0.08333333333333333
agnihotri,0,76473,263.7,238.49310344827586,1462,0.017241379310344827,0.07241379310344828,0,0,0,0,0.006896551724137931,0.006896551724137931,0,0,0,0,0,0,0.16896551724137931,0.7517241379310344,0.8958333333333334,6.041666666666667,16,0.2708333333333333,0.16666666666666666,0.0625,0.125,0.0625,0.1875,0.42857142857142855,0.041666666666666664,0.08333333333333333
agnihotri,0,86540,326.5660377358491,230.5433962264151,1696.4,0.05660377358490566,0.1018867924528302,0,0,0.045283018867924525,0,0.007547169811320755,0.01509433962264151,0,0,0,0,0,0,0.1509433962264151,0.6830188679245283,0.8947368421052632,6.973684210526316,12.666666666666666,0.2631578947368421,0.10526315789473684,0.02631578947368421,0.07894736842105263,0.07894736842105263,0.15789473684210525,0.42857142857142855,0,0.05263157894736842
agnihotri,0,100108,372.14869888475835,227.00743494423793,2440.1875,0.05947955390334572,0.10037174721189591,0,0,0.055762081784386616,0,0.007434944237918215,0.01486988847583643,0,0,0,0,0,0,0.14869888475836432,0.6765799256505576,0.8947368421052632,7.078947368421052,12.666666666666666,0.2631578947368421,0.10526315789473684,0.02631578947368421,0.07894736842105263,0.07894736842105263,0.15789473684210525,0.42857142857142855,0,0.05263157894736842
agnihotri,0,76490,302.3320158102767,250.1185770750988,2642,0.019762845849802372,0.011857707509881422,0,0,0,0,0.007905138339920948,0.007905138339920948,0,0,0,0,0,0,0.17786561264822134,0.8023715415019763,0.782608695652174,5.5,15.333333333333334,0.30434782608695654,0.15217391304347827,0.021739130434782608,0.10869565217391304,0.021739130434782608,0.13043478260869565,0.2857142857142857,0.043478260869565216,0.06521739130434782
